,A_CH_rim,A_alpha_rim,Vol,E_rim,Action
0,95.36974478237371,5.360541557593024,2.031152293404409,0.08580356339017677,initial state
1,151.88196191189732,122.62166465887958,4.261169555052621,0.13984514919650087,F
2,373.48856344067383,350.71944574980307,10.053521603239357,0.5065740795703835,F
