,A_CH_rim,A_alpha_rim,Vol,E_rim,Action
0,102.23202177201051,40.45483083615409,2.1251299423959,0.08554649093057018,initial state
1,268.1787237358438,33.57313749802415,6.989119449039515,0.3903983158102082,F
2,238.95554964724397,126.39567291557796,9.555565864644631,0.40909449947985926,F
3,272.95787452800346,252.94830823213488,10.000636862012243,0.4090819545736736,F
