,A_CH_rim,A_alpha_rim,Vol,E_rim,Action
0,93.38246952381598,26.18936313155018,2.0740634745936815,0.06333831634611638,initial state
1,257.8107761939918,236.9597702860915,10.695167975510808,0.41339540341641673,F
