,A_CH_rim,A_alpha_rim,Vol,E_rim,Action
0,136.47070981477324,64.87786993403688,3.7518976812360294,0.12676364756247813,initial state
1,252.30333663017723,247.3670953585838,7.132266721881069,0.3625287850156846,F
2,387.7696225012525,366.80798332412223,13.788052550146181,0.4641644788821908,F
