,A_CH_rim,A_alpha_rim,Vol,E_rim,Action
0,101.50236970844186,28.58718904150237,2.7936644473337164,0.09905579861583572,initial state
1,241.1746080778697,16.60736439930588,7.262135822814914,0.3668095713620834,F
2,247.94216734648052,119.26757345605665,6.530868343608493,0.4217085239645981,F
3,248.47050234683383,161.47181949946798,9.400007556919743,0.3851385122045824,F
4,335.51024195304564,305.0773346103597,11.982930297441747,0.49268264692964125,F
