,A_CH_rim,A_alpha_rim,Vol,E_rim,Action
0,105.46680556274057,10.739420733614224,2.35428170449921,0.08198696530424066,initial state
1,339.621696494703,289.28426898858106,8.826758368846257,0.4425289513009527,F
