,A_CH_rim,A_alpha_rim,Vol,E_rim,Action
0,110.53778495153199,40.0446223628137,2.65009456378079,0.09059527210695943,initial state
1,260.93239867890344,221.12669154580544,8.035728061856098,0.4196045716664606,F
2,302.55003614996673,291.07436347686644,9.72039156171099,0.4306416420028154,F
