,A_CH_rim,A_alpha_rim,Vol,E_rim,Action
0,117.76632191299554,12.511200391429611,3.729233954386686,0.08262785609561596,initial state
1,200.41002615414567,103.09305308908279,5.390794058777166,0.20484696474522684,F
2,276.1628990637634,227.31543454483472,8.866197312336867,0.28138301694060525,F
