,A_CH_rim,A_alpha_rim,Vol,E_rim,Action
0,93.27227666176452,7.334151520694832,2.1077765219637326,0.06754663450342345,initial state
1,210.36359507945713,96.34345666455602,6.264143380621702,0.30661575647217487,F
2,250.63892176262897,215.04335998201896,6.892082636504586,0.3383842708297943,F
3,340.2265713148717,309.07734936477027,10.194466303149998,0.4671709501242681,F
