,A_CH_rim,A_alpha_rim,Vol,E_rim,Action
0,118.75533269716253,33.93719943716178,2.8511979074456666,0.08512775743409667,initial state
1,393.84307814856385,384.4118114997741,9.566853371044187,0.6627161923050081,F
