,A_CH_rim,A_alpha_rim,Vol,E_rim,Action
0,172.558102061373,10.038817573843062,0.6023490366872227,0.09778389055344403,initial state
1,349.9757406444815,239.29877269495137,1.9311001993712096,0.3642331129840803,F
2,357.4244710054592,165.58887931068966,12.103104039019245,0.3605386864154142,F
3,83.11060152379854,9.561388988856834,8.368603654702852,0.05889773211585313,F
4,374.084146379232,247.4697754419708,8.59347864570707,0.350866670717213,F
5,361.4110736563698,326.9793369216245,12.464102987000256,0.3361013563550725,F
6,391.9282508692848,267.1510471776628,12.583008431708553,0.44556905378974104,DI
7,365.31719217890713,330.686476295341,12.357164098423244,0.3385549510238829,DD
