,A_CH_rim,A_alpha_rim,Vol,E_rim,Action
0,228.90058143019658,4.298674428753202,0.4969494274089115,0.1490139510817935,initial state
1,606.001259992013,578.6758216390808,1.8176214438169447,0.5877648883427915,F
2,406.0855014901671,280.85051755340373,6.963683331087967,0.5002269283854475,F
3,225.82213042852592,138.0798786090054,10.83934112433679,0.23781528626659776,F
4,560.4179583031058,551.8373330551185,15.189073254895117,0.6814223039301212,F
5,571.1632054098457,558.5455389805816,15.135039929222856,0.8353504959586661,DI
