,A_CH_rim,A_alpha_rim,Vol,E_rim,Action
0,179.104283734546,16.600057242328603,0.6922889492096546,0.11447428773500648,initial state
1,457.1164639730795,327.93023990478787,1.5987514324627496,0.4266860302802117,F
2,502.20516725772757,440.8638819560906,1.344952999101214,0.5403360554391927,F
3,588.9102557705423,582.9247868916809,12.275372918840741,0.6504859710845367,F
4,628.5715426378152,627.7073418732471,12.532993232228431,0.7145568736748276,DI
5,639.2580273541166,638.027501537124,12.793489225627448,0.8473997114055732,DI
