,A_CH_rim,A_alpha_rim,Vol,E_rim,Action
0,193.4054495418981,6.179071169754025,0.7033416475299016,0.14820971264984142,initial state
1,283.01695380036955,161.1520724313209,1.5312839044700215,0.3028813388034811,F
2,274.17125212309577,118.79640287133952,2.6854650691345014,0.21470618307510356,F
3,587.5898105699661,575.5016134969537,12.925556060290022,0.7035545085760073,F
4,603.5408426174627,588.0444966695109,13.314227257522838,0.7940784968775829,DI
5,615.9316501793904,593.2938965619883,13.672906798812042,0.8711919309948739,DI
