,A_CH_rim,A_alpha_rim,Vol,E_rim,Action
0,237.1298501179814,21.257685378657243,0.8764084151339243,0.1436597068561522,initial state
1,331.4255395750375,136.57999798084575,1.459346536625616,0.3677093110609382,F
2,345.47126930732463,151.7998549113031,1.4692687944784264,0.37932994773947804,F
3,349.0297202230868,147.33151925014454,3.575134053972418,0.3576966320644313,F
4,340.37891472337355,190.34353260963144,6.440668464722139,0.332009839802002,F
5,579.7868094867907,563.4409244487415,14.915499555181643,0.6410470628306791,F
6,595.3152888517374,579.1420722874818,15.173728876093097,0.7637945616554926,DI
7,600.732860435755,583.178480341644,14.831821118216924,0.8254000100898187,DI
