,A_CH_rim,A_alpha_rim,Vol,E_rim,Action
0,172.34288328921758,13.94157637889748,0.5474986884442038,0.0836807097129157,initial state
1,313.2128895740034,134.37805589489926,1.4316331896374852,0.3003483281528309,F
2,338.56881037166875,168.82947668023007,8.98484035379183,0.34129422390408926,F
3,323.1503949388073,183.06444480259643,12.518171628705925,0.3140095572032331,F
4,522.55619796938,441.1220012949002,14.785167806997064,0.45749541804632854,F
5,537.8894225555084,457.0383448296411,15.495729017175535,0.5100440147257422,DI
6,542.9144984108805,461.520821276622,15.36241718787807,0.5794121659954797,DI
7,603.4434194103253,589.9450424371366,15.78413015980945,0.835989272743189,DI
