,A_CH_rim,A_alpha_rim,Vol,E_rim,Action
0,140.64316862260284,16.67525244670287,2.4648655332301774,0.12063768567363214,initial state
1,256.8254184862438,252.14655317739698,4.676065976815537,0.37786687550070436,F
2,368.8903439507385,356.81638723417564,6.934618781979233,0.5080974484002365,F
