,A_CH_rim,A_alpha_rim,Vol,E_rim,Action
0,96.9280772491748,7.637125819996982,1.639666028336928,0.10389928455459471,initial state
1,364.0786624052343,347.4011591251269,6.13011439063658,0.4431996193026428,F
