,A_CH_rim,A_alpha_rim,Vol,E_rim,Action
0,142.4557799410314,12.16383567594903,2.3871807407552863,0.12161296280126514,initial state
1,200.20170324556832,135.87579538523187,4.2876911659447785,0.30468504406047453,F
2,378.4921340624687,377.8757538151467,6.95514992434352,0.543846384582396,F
