,A_CH_rim,A_alpha_rim,Vol,E_rim,Action
0,137.43343898340777,9.586469126645625,2.400926005924624,0.1368288856329699,initial state
1,378.2459713175963,372.14859862302774,5.773538123423984,0.5590543575602636,F
