,A_CH_rim,A_alpha_rim,Vol,E_rim,Action
0,143.73382211005085,17.08744895296377,2.4628750564921456,0.13201178811706907,initial state
1,361.2191310418215,349.277685747893,5.4354701635646725,0.49401406950820204,F
