,A_CH_rim,A_alpha_rim,Vol,E_rim,Action
0,131.46533699114138,17.601447930530867,2.3318964589042213,0.13328933771119555,initial state
1,385.6084340870323,381.21326546900036,6.217421867343694,0.585736536759414,F
