,A_CH_rim,A_alpha_rim,Vol,E_rim,Action
0,132.8115465517503,10.753694432992233,2.3338906180612433,0.12692256715214514,initial state
1,183.24836986664704,52.45238119613305,3.658375818798751,0.2420939837106491,F
2,317.0051324335083,276.0777903111489,5.658026276615281,0.3623935934800444,F
