,A_CH_rim,A_alpha_rim,Vol,E_rim,Action
0,134.6337804113762,9.431723674708792,2.2078282181704,0.12323608029718469,initial state
1,163.85912621046756,57.297343322488814,2.8568603545448052,0.23225506629777246,F
2,379.41202587546746,377.1926335340936,7.307693148283798,0.6072727428615184,F
