,A_CH_rim,A_alpha_rim,Vol,E_rim,Action
0,142.64457178484273,15.702855820620698,2.3819635404735906,0.12725496213714538,initial state
1,332.57488882156946,325.080009020553,5.355355409814026,0.45479111031458624,F
