,A_CH_rim,A_alpha_rim,Vol,E_rim,Action
0,74.18092943453287,11.942349429432397,0.1514152423170466,0.14702104744177866,initial state
1,158.71125418215135,93.82686872100976,5.501922515527361,0.28506374554230296,F
2,167.064755135584,147.4221727644931,5.440930792862232,0.2851396508052996,F
3,171.76625788152973,153.3056114121223,5.392142244949851,0.36810184384195693,DI
4,157.6192750565045,139.8178237684533,5.1876793610078025,0.37829522511328484,DI
5,143.80549209420232,131.5026627662519,5.023020103582529,0.38353502543098483,DI
6,157.42797318978387,141.58626892708526,5.241814343947558,0.35122762471785207,DD
