,A_CH_rim,A_alpha_rim,Vol,E_rim,Action
0,97.80989588051641,2.33474842701753,0.21441779243707082,0.15831841775058647,initial state
1,177.53112786209567,79.60503214377468,4.161171422885498,0.2779065486731421,F
2,335.6278135720462,334.4591494663973,0.14157940347037345,0.7644912895128402,F
