,A_CH_rim,A_alpha_rim,Vol,E_rim,Action
0,57.98805441827475,14.054353042638468,0.10097811218836969,0.06051759054202916,initial state
1,231.87168065817337,228.86729230293668,6.000228395585225,0.5037604030151597,F
2,242.58626289423506,239.51602287723972,6.071851540308435,0.562024797536603,DI
3,250.83885880064838,245.7867427654037,6.126513416543686,0.6985039663880778,DI
4,246.7081704520521,140.04467038489565,6.0580693849562,0.7845338654694765,DI
5,228.52625004276214,224.2953873337683,5.821987227690679,0.8565234399252742,DI
