,A_CH_rim,A_alpha_rim,Vol,E_rim,Action
0,63.237169161993265,16.173475404741566,0.0789628460315247,0.07521967771286267,initial state
1,167.2222301954204,159.89549433896855,3.4751828317405895,0.29973701610682024,F
2,2.146955232262634,2.146955232262826,2.3463535850646866,0.08862608513429898,F
