,A_CH_rim,A_alpha_rim,Vol,E_rim,Action
0,157.31269452032834,12.858132458575255,0.36063596597623243,0.2059052719068313,initial state
1,231.5001505883173,228.17862539710632,6.322252319739934,0.4849606941675483,F
2,221.4950685876718,214.47684760602215,6.0147506821855625,0.4860950954337688,DI
3,223.55525917532773,220.78779842843232,5.996655749690672,0.6166552250392842,DI
4,215.8809904568669,112.0474786787895,5.829722264400874,0.761139449226658,DI
5,223.7980327075205,219.11921466397644,5.929045601973486,0.6084081764165368,DD
