,A_CH_rim,A_alpha_rim,Vol,E_rim,Action
0,43.330184369949514,6.347746084429673,0.08100375687963925,0.06103329818737096,initial state
1,90.77053524464465,66.810438540017,2.8013593253457203,0.13910434760291435,F
2,13.294019896364059,7.96127875531738,2.7370517419833176,0.21561539970429616,F
