,A_CH_rim,A_alpha_rim,Vol,E_rim,Action
0,32.27152632462111,2.2615415520021998,0.05995983277644677,0.04970255308349756,initial state
1,195.9845985874153,193.40708467495915,5.478546097651447,0.4298124782060818,F
2,197.05461850179526,193.7551674467386,5.494488925981347,0.4973948375933953,DI
3,194.4813831863713,189.89058821205163,5.353511364667614,0.595521813165683,DI
4,190.17518017960847,184.4290032241247,5.3281062362896225,0.6747145695058046,DI
5,181.0423088224408,174.6835100448152,5.152178401955236,0.741679327996596,DI
6,172.07006665046265,162.81253013204378,4.962856229795964,0.8091791238510111,DI
