,A_CH_rim,A_alpha_rim,Vol,E_rim,Action
0,99.27950579992694,10.360735022629797,0.17247995781194286,0.08736229138967631,initial state
1,353.61010227831,351.0771795436085,0.9876424879625195,0.4945889522085684,F
2,362.09491193034165,361.38752634457205,0.7177272793274077,0.5691087805866625,F
3,377.8806767579113,375.8951191488791,2.8036609732552717,0.609134149122718,F
4,388.53813375880026,386.9543284886845,6.752879141998509,0.6015341327252856,F
5,399.39355010062616,397.6743387335091,6.9923483989111,0.6480265688080755,DI
6,402.1665973877473,400.0868483737463,7.129093936560558,0.7412859565953267,DI
7,398.8781427909774,396.4405138594884,7.195823886976606,0.9292377941337647,DI
