,A_CH_rim,A_alpha_rim,Vol,E_rim,Action
0,134.96023581353688,14.48938197853522,0.24967957310613226,0.12754103712131082,initial state
1,325.5507925860006,313.8852982010576,1.091963274126494,0.473180791376622,F
2,378.64452020386335,372.0282901767291,4.644723423034547,0.5468521682473917,F
3,389.3104884500079,385.82283128050676,7.274753224615015,0.5860050580310644,F
4,412.62636799160646,409.86796502352263,7.267016127043366,0.7905330988698207,DI
5,415.8572866279542,411.3104361701403,7.620690827076362,0.8579648764259219,DI
