,A_CH_rim,A_alpha_rim,Vol,E_rim,Action
0,142.63419523814494,27.543637979476898,0.5019173315590453,0.1472499479856551,initial state
1,223.05015488058183,56.057917407486,1.0921176865188953,0.3670776175027969,F
2,202.8479536269859,72.11363547213523,3.6815891537303305,0.4106925140524532,F
3,209.65235906601268,133.67839001432458,9.078683591221031,0.39183935703771744,F
4,216.60257040792806,141.4437590506168,8.888349717182816,0.38006357823884696,F
5,300.4419919716388,288.9504098999396,9.972477042486764,0.46771316033987337,F
