,A_CH_rim,A_alpha_rim,Vol,E_rim,Action
0,162.9829210150999,20.29540184395273,0.5003832959549692,0.19138045228364195,initial state
1,219.1117074130486,72.43178966206187,1.0322954268294267,0.3361522634961982,F
2,239.54167133467715,60.6733608466925,1.164888125276617,0.3597352611089261,F
3,230.1906468784413,132.885791500712,8.263721392162232,0.4009021114128464,F
4,238.95338372710853,182.57156655948847,11.45631794218224,0.3525915644075719,F
5,310.5652963935769,300.06732898897326,12.110295880343976,0.4471108187417728,F
