,A_CH_rim,A_alpha_rim,Vol,E_rim,Action
0,173.44438201917063,34.500063067071096,0.458445803643743,0.16474999233465643,initial state
1,234.29952111939593,94.2897453504088,1.141093296080014,0.39433016818283617,F
2,242.94276184519939,36.78267085120979,1.1582704970249613,0.3640286169690135,F
3,246.00258403125926,104.6329113904676,10.01911993982449,0.3834994878342018,F
4,390.34594316205994,379.4184126826394,12.713666189470919,0.6390562418615633,F
