,A_CH_rim,A_alpha_rim,Vol,E_rim,Action
0,167.85719545566806,71.3541942690199,0.42090123658333595,0.18801756323810645,initial state
1,232.98910893004262,154.8575627845139,0.9941229602172779,0.34738478490837316,F
2,228.54347275597306,153.3498224074492,3.7519994217262407,0.3421945362701298,F
3,237.099726156771,135.3908614237298,8.717053673795489,0.3513312871786961,F
4,291.77826625101403,207.81467814316557,12.082140107893858,0.4082832629483504,F
5,321.5420274963777,289.3295353311487,12.024653114929341,0.46823291261278266,F
