,A_CH_rim,A_alpha_rim,Vol,E_rim,Action
0,117.84631652943781,40.02149443209646,0.2510274335053371,0.1358462284146908,initial state
1,373.42817258320326,370.1200549178907,1.4113626664289665,0.6014689450400383,F
2,271.00488005572754,174.44461689507307,7.604860072359369,0.35355239774021224,F
3,222.1989357315121,164.7004223929116,10.685375735023621,0.2841607770364821,F
4,239.76200767066302,139.30500998611706,9.83689697328991,0.33710299374020763,F
5,119.22179397487304,43.120766304127756,8.74762178716893,0.11630799220965093,F
6,417.37185601959936,408.4815821309462,13.617750184276499,0.5482412449077776,F
