,A_CH_rim,A_alpha_rim,Vol,E_rim,Action
0,158.1660701623369,23.647543568188212,0.448675788031608,0.15703522211353413,initial state
1,237.88658186816718,75.06399711473932,1.228889830977885,0.3206213389609072,F
2,288.7585665365583,112.45870124639623,0.9787285950256972,0.38160859155104027,F
3,439.2391508392283,434.5003441594031,14.937301537051722,0.7184127820713292,F
