,A_CH_rim,A_alpha_rim,Vol,E_rim,Action
0,115.16467341834878,59.65703601759742,0.279114034374582,0.1139201855963225,initial state
1,284.47567047322826,273.9475343307163,1.0845620916099563,0.48860466966414856,F
2,411.16224427213376,400.57590049968894,13.885929105894508,0.7125983605915938,F
