,A_CH_rim,A_alpha_rim,Vol,E_rim,Action
0,195.2587420780112,65.56560023454949,0.5306049341643132,0.13406091353560817,initial state
1,135.22797826766455,66.93348928337173,0.49502078169057284,0.15441315612409115,F
2,235.85531632051047,218.41576033892807,4.5152866786555546,0.2846080381862573,F
3,381.13477462360345,359.8748292048981,14.15646480097142,0.4369419231381988,F
