,A_CH_rim,A_alpha_rim,Vol,E_rim,Action
0,135.67214982742746,28.156353115207366,0.41657043365798335,0.11100187418491325,initial state
1,248.2862694901657,174.3258736894404,1.0891035184768276,0.3241863062868927,F
2,244.63596771198587,113.83509599738773,0.8320329962461545,0.3730922315274771,F
3,417.12316249004357,411.8822884572637,14.721781430430868,0.5578268219610952,F
