,A_CH_rim,A_alpha_rim,Vol,E_rim,Action
0,138.40842296048103,38.19046208150212,0.4323558686878505,0.11447950922570753,initial state
1,250.30488409015555,33.23309775680627,0.7697582405212624,0.35410603029094695,F
2,282.02516629562496,280.91856325801245,11.631555684787815,0.450190438188697,F
