,A_CH_rim,A_alpha_rim,Vol,E_rim,Action
0,76.13929570140932,5.010607748090479,0.1414281099119852,0.11759024234805279,initial state
1,208.1083535520637,177.78296507259483,5.300917090279963,0.39244128708213827,F
2,208.4460662092625,124.60658236705058,5.407109590018159,0.4545399834893789,DI
3,205.62143335212096,181.65560089357768,5.3276998154876845,0.4116348740961188,DD
