,A_CH_rim,A_alpha_rim,Vol,E_rim,Action
0,109.86112511773187,15.630411255926902,0.26071436894581307,0.12256192179857275,initial state
1,106.49180664671577,80.266447720021,0.46520754596648856,0.15437818250692256,F
2,211.28650103719298,208.37117368870395,6.633519877043763,0.42562211593825927,F
3,223.86716384573884,221.07698440464674,6.645789909978793,0.5059822999271587,DI
4,222.01682331228758,220.50123162102864,6.472532102996379,0.6362408617627174,DI
5,218.137277402945,217.03731371900403,6.341215574881782,0.7139372840976803,DI
6,207.68821375753564,140.3771095618822,6.067345047638983,0.7868072500491361,DI
7,196.44003513604963,51.942745710960025,5.877401875701889,0.8274452919168271,DI
8,205.05260124025426,204.1554106864396,6.032954192571264,0.8287106380600252,DD
