,A_CH_rim,A_alpha_rim,Vol,E_rim,Action
0,127.33563113954422,38.00682751403883,3.632787414755261,0.12179718051604588,initial state
1,200.8508061288698,160.07425051327573,7.891295043749798,0.2719864234279852,F
2,293.2411909537792,285.16393057799405,11.054223226529112,0.39533706539221763,F
