,A_CH_rim,A_alpha_rim,Vol,E_rim,Action
0,118.046711088483,11.687851027772922,3.308761117724644,0.08642892598084885,initial state
1,247.16020654295735,135.3027315681743,9.727590665549496,0.3158383880790984,F
2,392.280152198054,369.6444017148792,12.43435886798416,0.4799585460145596,F
