,A_CH_rim,A_alpha_rim,Vol,E_rim,Action
0,101.47307997613184,24.232318922940976,3.1137222546522674,0.10215539542947699,initial state
1,176.06416241960687,16.55760420618435,6.004629895334678,0.2598385124658978,F
2,230.43149567257615,164.40242526044813,8.804199522993047,0.3056238432435026,F
3,246.63650338965226,242.78548723685844,10.67927933958506,0.35082095027780774,F
