,A_CH_rim,A_alpha_rim,Vol,E_rim,Action
0,128.8779290655387,17.256037196204943,3.530285470312745,0.12047328538493698,initial state
1,207.8718528545662,153.22241773247924,7.079048040912101,0.2827262580920428,F
2,264.11959366896485,258.5286613657445,10.145144723336514,0.3581771682901211,F
