,A_CH_rim,A_alpha_rim,Vol,E_rim,Action
0,113.76224176387912,30.38753105926162,3.227481654034113,0.102581119482625,initial state
1,229.94211149011824,146.66598828256383,7.949364674127419,0.3194397455438793,F
2,212.85644776185097,191.69282171077384,9.807999626150817,0.2617504684447126,F
3,253.5801909004936,248.59457569448296,10.460289613009934,0.3599638488480038,F
