,A_CH_rim,A_alpha_rim,Vol,E_rim,Action
0,99.84366217054165,19.64209006899864,2.8756702805142758,0.08608193257785608,initial state
1,301.4983279803114,288.19867193874416,8.626842488975804,0.4769838905359167,F
2,276.2946267517923,244.1425641725914,9.37454944309198,0.36567918403764965,F
