,A_CH_rim,A_alpha_rim,Vol,E_rim,Action
0,118.56547334332485,28.473456369795258,3.4562272769003717,0.0907558773808108,initial state
1,221.2811244800154,187.94555913018485,6.961524986154667,0.306656116609393,F
2,283.6544475940171,276.9412282205508,10.782175705746367,0.4137942262072274,F
