,A_CH_rim,A_alpha_rim,Vol,E_rim,Action
0,131.64733281655614,57.22034022966227,3.6506606985349817,0.1184546727197161,initial state
1,141.7383535317644,63.95390198406403,5.236422117137739,0.13829998714210473,F
2,255.91568810057245,252.88743087912735,10.79826372058737,0.42598970027191924,F
