,A_CH_rim,A_alpha_rim,Vol,E_rim,Action
0,126.89997367004872,24.25148005528399,3.0869253652968247,0.09839481812201,initial state
1,173.41299651548115,145.59424115702768,7.659271602041299,0.21783953670160136,F
2,289.4497214029454,282.1339447734772,10.87215434937741,0.4138179595436704,F
