,A_CH_rim,A_alpha_rim,Vol,E_rim,Action
0,139.67142832285614,26.95424110896738,0.47729856861601877,0.057903846750615995,initial state
1,170.78450955182296,116.1444522008992,1.0395300819178956,0.13322887805462943,F
2,358.64155634556005,77.25467001932884,1.36601920081498,0.4177257961999875,F
3,340.6941309677336,18.473820298083865,1.156530108371125,0.36259347869986686,F
4,266.2143956615647,176.64643015280035,2.6632673413216277,0.18976783572821768,F
