,A_CH_rim,A_alpha_rim,Vol,E_rim,Action
0,119.24534850379595,12.393070063865252,0.34247299650708446,0.0601961499386158,initial state
1,446.25038900079517,429.52573484313916,2.135643202585983,0.40107459923755656,F
2,594.2556828034639,583.3523779600114,14.363242464744618,0.5387595302147532,F
3,328.7258507532444,147.39700256399146,15.92365615128765,0.3132903645985905,F
4,521.2242792893568,503.5226603160936,19.47656226051741,0.45054237993704843,F
5,559.3628117833294,538.4637860447583,19.22737966360232,0.5855558020332772,DI
6,582.536298353205,564.1591695700754,19.905304539568146,0.6719013511914492,DI
7,589.6299569874944,571.4523025017115,20.175593628661986,0.6892543502363523,DI
8,598.5751628486474,580.8310395477179,19.26300408993061,0.8215946740584212,DI
