,A_CH_rim,A_alpha_rim,Vol,E_rim,Action
0,223.02871385647973,20.618888565024918,0.577920428462012,0.15798847700354424,initial state
1,545.4929325944138,525.5642541831662,6.6795775539585875,0.4508176288700743,F
2,373.98553191792394,370.7223346242472,20.20239548811046,0.38275792015876153,F
3,389.8548214669969,385.6471038190534,20.497513597432082,0.43436079236489733,DI
4,383.18774107608544,373.51518750028845,21.14571300083532,0.5128124652294059,DI
5,426.8092980220216,424.374665014966,20.65043493855666,0.6337127051994552,DI
6,402.34585825999136,399.3601768257804,20.649004172867883,0.6330402227250507,DI
7,444.55438356976606,431.16648603245267,21.509176712632133,0.6661588003588749,DI
8,425.28430901541054,412.8214142403408,20.88647300428559,0.9134322674712666,DI
