,A_CH_rim,A_alpha_rim,Vol,E_rim,Action
0,214.40005589227016,23.99620693580573,0.6364129289833743,0.11806948332519604,initial state
1,331.3399252240845,182.49718047371744,10.41033287592983,0.33143818919764323,F
2,453.3824663002409,443.4114136697076,22.68019394289445,0.40453567710222244,F
3,507.95983301554776,485.9527912856265,22.854214940699002,0.5610649351491338,DI
4,517.9104271005034,500.12864510563304,24.045368009448723,0.5656658080498368,DI
5,546.6808878969683,521.243931857498,24.556245712335272,0.7431453550113969,DI
6,552.3893719302466,523.707120219683,24.9297116144332,0.688279105719675,DI
7,550.2048359556961,520.2968678116804,25.04937581832731,0.7467631515299958,DI
8,531.6196616536217,504.1349460069,24.591431045540823,1.1984409366361746,DI
