,A_CH_rim,A_alpha_rim,Vol,E_rim,Action
0,202.5246411781721,44.39523940050094,0.5885189227915378,0.11143196414874361,initial state
1,457.3767735871568,394.0797563271303,2.4910946255713142,0.33028281068890714,F
2,174.02992111414036,172.10713413476242,0.26179245947901736,0.774798617609179,F
