,A_CH_rim,A_alpha_rim,Vol,E_rim,Action
0,105.86180655622024,12.836764032897463,0.35396769589341687,0.05391580681908434,initial state
1,321.04073055563674,202.4870723093386,1.786816799636605,0.34134829781221177,F
2,45.24932682698916,1.2944744497644933,5.373267326444326,0.04741088721623893,F
