,A_CH_rim,A_alpha_rim,Vol,E_rim,Action
0,251.24263593141904,24.674191218991837,0.7755520253150198,0.15149721443392167,initial state
1,650.2643112136751,628.9753653393859,2.2100177136540107,0.5121947040478737,F
2,81.25625192263928,25.898334763780895,0.14387394054715652,0.14590861087846832,F
