,A_CH_rim,A_alpha_rim,Vol,E_rim,Action
0,236.28373195975954,49.28312245539246,0.8031078443815827,0.12610247378448022,initial state
1,244.9259688310691,172.71195642393877,1.4832572687376657,0.18492772698361498,F
2,248.481762003224,72.63772332549934,1.0719512573287895,0.1607919058322661,F
