,A_CH_rim,A_alpha_rim,Vol,E_rim,Action
0,215.50304412699091,28.216073992552992,0.6219633787949503,0.10639922729884659,initial state
1,314.1156066246251,311.4385581602619,1.9441270227231833,0.27936674499079583,F
2,311.7901622985645,231.10537537149867,1.8147909429427465,0.2711419550100887,F
3,327.7129813992021,321.6864252081564,0.9745819597854065,0.7859353844559485,F
