,A_CH_rim,A_alpha_rim,Vol,E_rim,Action
0,180.350517997567,15.602038814392927,0.589286292544049,0.09430156234876724,initial state
1,181.91727057029493,148.38557361997573,1.1026633284122254,0.14515673743233792,F
2,456.46255442761725,416.03858638808333,1.9876355870775673,0.4357812585661749,F
3,311.91789507431594,30.720558575296764,1.1535220603637542,0.3400321124802382,F
4,370.7574742057321,14.53536113217524,1.3173250570959707,0.36274302408313297,F
5,333.9738923619959,19.682488763521633,0.9280414059478634,0.33305415020296597,F
6,85.09635252892167,25.251688619789547,0.07975150945479814,0.10934062384316585,F
