,A_CH_rim,A_alpha_rim,Vol,E_rim,Action
0,271.4895427720873,167.8170079242136,8.208357482729694,0.2828584774554219,initial state
1,231.39771421483562,195.81298252347779,7.511124343253962,0.3405635731825041,F
2,210.8967057256449,106.28845944523846,7.486025143172056,0.28830556880091723,F
3,266.66782879544843,257.23652676788333,8.73389209532646,0.35707573238203344,F
4,260.6907192571846,244.5109709378812,9.25304866819652,0.34400378806720033,F
