,A_CH_rim,A_alpha_rim,Vol,E_rim,Action
0,146.4663624233255,23.549945298668717,4.042136845211641,0.13772251499798227,initial state
1,270.99823204935115,181.45741245604086,8.239583949317858,0.41583467070915464,F
2,241.45788714690727,102.49844036763989,9.698469851127312,0.39692861905083804,F
3,342.60748023967824,335.0372104327448,11.970371553180918,0.48854598209051564,F
