,A_CH_rim,A_alpha_rim,Vol,E_rim,Action
0,132.9655721633571,35.73451637009839,5.477857103415467,0.11028903422878224,initial state
1,243.2920026933514,15.775286842938385,7.523532838906054,0.3819909584290612,F
2,263.04412783019865,261.1205754902812,10.618888115173833,0.45025451367699126,F
