,A_CH_rim,A_alpha_rim,Vol,E_rim,Action
0,129.26527965333878,25.10999453193108,3.080026114261024,0.12424455494039144,initial state
1,224.61610364672336,135.80228844347175,7.742733020789846,0.36789187746320323,F
2,269.2836055857124,261.78929753058355,9.330890606150192,0.42617549528730836,F
