,A_CH_rim,A_alpha_rim,Vol,E_rim,Action
0,138.2571171686207,17.071747888905975,2.9663689142381022,0.13109721244859912,initial state
1,208.25879455799176,100.72564964929143,6.6094282377114455,0.31934700219537304,F
2,274.36697941084276,263.38559333964895,8.340094271542085,0.3994299587273725,F
3,274.23909142726205,272.83019714730017,9.6118235943512,0.4131582920604181,F
