,A_CH_rim,A_alpha_rim,Vol,E_rim,Action
0,308.69998694186046,93.39651193812415,9.232506406982928,0.2679286767990295,initial state
1,284.1960448441233,253.20559633740913,8.413957991799464,0.3759143554708027,F
2,279.6955448408775,248.5736568729635,8.072697834356225,0.3936531584563868,F
3,283.5116535010231,252.5893268190771,8.131111569745615,0.37193746360054064,F
4,294.7162222201879,275.8904445869348,9.549346044994762,0.38750559884035385,F
