,A_CH_rim,A_alpha_rim,Vol,E_rim,Action
0,138.05121242057754,17.643249913419368,3.772536315005288,0.12346640002391951,initial state
1,102.74148389726236,18.143803842463058,4.024571501573528,0.09113073325006099,F
2,236.75965173964573,29.44587716655178,8.047383135101022,0.3628565484642837,F
3,266.2860002391195,253.28376435339806,10.681250707512822,0.47552635446669195,F
