,A_CH_rim,A_alpha_rim,Vol,E_rim,Action
0,139.9733608795364,27.904465912627074,3.9708650266883194,0.1316130798778223,initial state
1,238.81548395451054,105.34138776336022,6.6939140504860015,0.31930464930851815,F
2,313.20074612068544,305.34201792136173,10.068903712701015,0.5137510932801331,F
