,A_CH_rim,A_alpha_rim,Vol,E_rim,Action
0,140.17812389170072,31.177071064121264,3.420196088402701,0.10407782133949527,initial state
1,213.65597602112985,161.42920635502378,7.827222005332756,0.32925072813130135,F
2,164.536629211227,132.191064001006,6.148136248839574,0.22251518170035908,F
3,156.6749334998011,145.44940781036075,5.987986007786999,0.20030836525857493,F
4,119.03688385245859,106.67498173148715,6.612831407664897,0.13838778343567884,F
5,123.4670939643937,113.72077969127758,7.85068112947933,0.1467435511524119,F
6,153.75839006992473,143.777844244255,7.376779626675442,0.19259627331772625,F
7,115.77120214752749,110.80912180773339,6.858946135242929,0.1431119509037233,F
8,268.9821880341013,265.7335108912662,10.871800328149348,0.5326433482248527,F
