,A_CH_rim,A_alpha_rim,Vol,E_rim,Action
0,149.59872972525568,25.850784069518795,3.9416973861228515,0.14189475279680808,initial state
1,212.7045854021502,119.73022372643527,6.620294493660638,0.24305302561376188,F
2,311.14882086910677,299.231631960879,10.65374958295226,0.4377472153267915,F
