,A_CH_rim,A_alpha_rim,Vol,E_rim,Action
0,170.4011866524975,20.233365094668443,0.5689713283341604,0.14865856935925958,initial state
1,239.7979642290691,212.38892243047758,1.227414707307897,0.30314436589008703,F
2,396.9080146040932,386.5511583296666,15.196553960644966,0.6140849665260321,F
3,420.59478362517604,409.5875009801375,15.720068292895292,0.7704576925729807,DI
4,419.98959357357535,407.851574637732,15.680362598543748,0.8406593695650494,DI
