,A_CH_rim,A_alpha_rim,Vol,E_rim,Action
0,126.6774110794695,20.027665616453305,0.4261765631686791,0.11418426290627817,initial state
1,219.39666938749258,117.3052944929509,1.0504628105270144,0.27324180409868765,F
2,269.57755218461324,69.50756082432008,10.925199044994462,0.31597879270282303,F
3,423.9798318801034,408.33971483408504,14.968513538985508,0.5291081827748868,F
4,445.7049247892537,431.64625946218393,15.941087209872535,0.6301512674571913,DI
5,454.38733239194613,438.58993963368675,16.219218434866605,0.7247036095246127,DI
6,449.3705691774613,434.7231226211079,16.03291262860985,0.9017920431803402,DI
