,A_CH_rim,A_alpha_rim,Vol,E_rim,Action
0,171.6187416175784,18.56008838018397,0.3421092472190964,0.1565751887700417,initial state
1,259.24142648932474,143.4092063487924,1.1443672282074475,0.31860731165964856,F
2,235.40066773051635,206.3592366658895,4.668937979482879,0.324365943113564,F
3,269.5112129163133,258.08158658293223,10.158524694216561,0.4154198768254175,F
4,323.842047605751,289.34820631917546,8.972206705301529,0.5001588091036521,DI
5,280.24357922049586,273.0524184050864,10.898033398544536,0.5652818128873139,DI
6,288.6075327367625,276.66832310984546,10.815892751150553,0.5864515494705337,DI
7,258.5932254837075,255.23844964794762,9.996997196086316,0.735222440005073,DI
8,246.7825722803238,241.1448262583349,10.138991866671917,0.8250165654507241,DI
