,A_CH_rim,A_alpha_rim,Vol,E_rim,Action
0,170.71883772388153,18.5379818748288,0.5797666651063856,0.14917451007490487,initial state
1,209.51750741261304,190.50154532862962,0.8647903393814078,0.3167974044081458,F
2,406.4973390410387,390.8944258603242,1.2262801365208749,0.61145176715343,F
3,256.0390660426036,44.85627074018339,4.275116479319375,0.38497201001009695,F
4,249.17723131039824,184.3831172419641,12.001957005626329,0.3698917177641564,F
5,405.1790419515547,383.07935098572443,14.33438221761096,0.4685781913478217,F
6,427.34846568180274,401.7064500939682,15.158386444614903,0.5879458238461184,DI
7,430.88582103052823,406.4428085038685,15.514150034894179,0.6731051704855973,DI
8,428.0964005803864,403.425220485758,14.715165526304164,0.8164267587373747,DI
