,A_CH_rim,A_alpha_rim,Vol,E_rim,Action
0,159.21887206531002,23.282561426754,0.480832317352554,0.13914751593838526,initial state
1,242.12723086293298,220.24972811948373,1.2571276158939202,0.34247991538350436,F
2,240.75954953246978,37.05002525720147,4.403880019282777,0.3047179034628106,F
3,377.06580938788653,357.0938870439022,13.353200504074865,0.41622354727131916,F
4,395.040265269131,375.30740550209885,11.243314116328465,0.5253463476129785,DI
5,412.8972249642974,392.99480648452345,14.429685841939557,0.6111790674470319,DI
6,422.10115837860883,403.3410051960118,12.596096773216885,0.8706858101499763,DI
