,A_CH_rim,A_alpha_rim,Vol,E_rim,Action
0,149.097732413566,8.072209326428492,0.28591030157977715,0.13723568208954268,initial state
1,351.14151629102224,320.3367330709739,1.2649633078274651,0.4818554116004766,F
2,375.4602854490936,347.68623718179015,1.3277261533543954,0.472495151998406,F
3,377.5659043046182,344.06638089024,11.815548894599173,0.4632308405600216,F
4,385.1717632196031,357.85942879869026,14.094399073620316,0.6045955639358662,DI
5,398.7292912427169,364.5684940684646,13.54615710123948,0.7441939126534808,DI
6,388.98939499119876,359.04351994616945,13.650150773575414,0.8130058427213045,DI
