,A_CH_rim,A_alpha_rim,Vol,E_rim,Action
0,167.38319162811862,26.715775421166654,0.5737720896271307,0.12848840120091004,initial state
1,347.90315609200246,321.0408857850666,1.3901930753195608,0.466268725528009,F
2,239.35524272729955,44.269248423916,0.8728093152207598,0.3124878072329189,F
3,269.5181389938731,31.089414570715235,9.697905982353863,0.38558848731067985,F
4,411.24158736181454,399.74797586097566,14.67248584632823,0.5395090740536038,F
5,432.24203050840583,421.2887859060288,15.142733278280703,0.6357455347133798,DI
6,433.67786615704046,422.48590533461083,15.163717006136341,0.8135043945099407,DI
