,A_CH_rim,A_alpha_rim,Vol,E_rim,Action
0,81.17298372496808,5.551389614879554,0.21285405511343766,0.09313250043499276,initial state
1,290.2073916959584,272.3157193892689,1.254714635822979,0.35492811930853185,F
2,242.78320854136837,37.78515374051494,8.863108893178541,0.4253221064728604,F
3,434.6054404180687,123.86418435141877,11.742859683708582,0.6977366730475615,F
4,406.77373724719223,397.5331018767747,11.813328530807736,0.596274883681093,F
5,420.50991483762334,410.00168491819977,14.753076363070823,0.6929855345984853,DI
6,419.798142470995,409.0078103513406,14.903912409959455,0.7637334879595356,DI
7,415.2696104230817,403.1441127600033,14.023780706774426,-0.885703487278055,DI
