,A_CH_rim,A_alpha_rim,Vol,E_rim,Action
0,182.73752981741612,20.590781624321153,0.6496115566560401,0.16103561828338006,initial state
1,244.91789316641643,225.35358337080424,1.0356837815900077,0.36442918074019665,F
2,430.34782727602226,425.15371302641825,13.237011878608431,0.7016165897706441,F
3,437.61088376612634,433.0142929072167,14.267942388519911,0.8473313891393024,DI
