,A_CH_rim,A_alpha_rim,Vol,E_rim,Action
0,52.277474825074876,3.2163091557890766,1.2793277342199065,0.10708994169931141,initial state
1,171.53142507339626,152.81560074157596,3.521337895110528,0.31604338830175055,F
2,120.24403387044926,102.81840686985788,5.392592054292781,0.19887253159839774,F
3,165.91320591771836,135.17449948665217,5.589573596691328,0.3249921988730915,F
