,A_CH_rim,A_alpha_rim,Vol,E_rim,Action
0,126.07706598828378,6.537647202833341,1.992734286891073,0.19522279368340031,initial state
1,144.25420609711668,87.52801009222821,2.6422019951563267,0.28402518404090554,F
2,171.2078276281656,144.21079211246024,4.299824377529987,0.3063380469583516,F
