,A_CH_rim,A_alpha_rim,Vol,E_rim,Action
0,123.1651442105881,6.495700421567108,1.9539794710874792,0.20826780534999073,initial state
1,92.98333105846254,48.5954788359777,1.6948400496999954,0.13699871294663163,F
2,182.46385847163538,72.36317722544072,5.058206670825565,0.3126860048573769,F
3,162.38533104683486,42.56081479979912,6.094751229071103,0.3083159633631636,F
4,115.16498077497717,86.54284630722486,4.9232887396212055,0.18347033056972548,F
5,163.85499075170114,90.14933254974267,4.4409752917125465,0.2822397531913798,F
6,149.93228167611466,127.16709236855195,4.987470786721029,0.25565209526504784,F
7,159.56579561617428,137.21807080798953,4.907578153288072,0.2928831647427391,F
