,A_CH_rim,A_alpha_rim,Vol,E_rim,Action
0,49.72286148785092,8.227628448196356,1.3836139969744075,0.058165008742685174,initial state
1,168.1947741562337,156.75410970942494,3.783329838729964,0.32217499636843855,F
2,197.33813212724337,112.69271373492984,5.659959126959585,0.3820687530398587,F
3,128.53687848803494,103.43654804785274,5.117785123793109,0.23663164178071336,F
4,151.50061728206722,145.95458236641434,5.396304469181619,0.2505231347130956,F
