,A_CH_rim,A_alpha_rim,Vol,E_rim,Action
0,115.85022213097231,2.9703387556878624,1.921321607241346,0.18139719624471515,initial state
1,159.9344439441104,83.04951395416538,3.634875731718241,0.3453846493701573,F
2,170.27340212422334,164.6802505408118,4.912460615749288,0.38527100087386756,F
