,A_CH_rim,A_alpha_rim,Vol,E_rim,Action
0,98.92765811628239,12.60338878694256,1.2776417274612586,0.19624001787374115,initial state
1,168.0662554423406,91.66296642490579,2.5863019282457285,0.400003654958707,F
2,154.16153575443948,36.98360078146834,4.20162636642258,0.3041139640732959,F
3,144.71397862735122,24.127824277400123,4.354107891441806,0.29596242787679083,F
4,190.08359922736437,175.78120735294078,5.740170197625672,0.463547905812943,F
