,A_CH_rim,A_alpha_rim,Vol,E_rim,Action
0,119.19205465517312,3.7224111198952414,1.9325012921178468,0.17261017651478322,initial state
1,139.087846675636,94.25729756713963,2.2470031751843464,0.2701938792600349,F
2,109.51621108887359,12.33298222899748,3.496762187171958,0.2091284809302386,F
3,119.80628931752355,58.627012549266055,5.249947326760962,0.15941246931334746,F
4,176.89962343638385,173.84230130744527,5.3289805439626035,0.4080632216657209,F
