,A_CH_rim,A_alpha_rim,Vol,E_rim,Action
0,127.8670263252481,18.387121408238727,1.9143711389132536,0.22060314930305652,initial state
1,135.03901835150648,67.60539181073,2.6446681619691685,0.20426949400388228,F
2,116.66905809136114,54.56042547677953,2.9006303287502053,0.2402215370872017,F
3,138.83432384687933,64.6840753233846,3.534456122088549,0.23251973803386314,F
4,162.84932170123062,122.07655057835609,6.044913406498833,0.25429374558452267,F
5,82.45202443447346,31.610921679998683,4.803467557353534,0.15079599393904525,F
