,A_CH_rim,A_alpha_rim,Vol,E_rim,Action
0,114.70995955107828,6.849862676006069,2.0080366701155237,0.20381773282885257,initial state
1,82.70639644251754,21.71568444452987,2.034855679393816,0.1369553001523369,F
2,138.82429643132346,61.738899548799964,3.6920402695627104,0.2864187809951879,F
3,116.91090697269097,69.38394378948942,5.451223528555064,0.16478564713652147,F
4,100.55866831294236,25.15587416183962,4.088235558493314,0.1637703372904362,F
5,158.68319747283996,106.46015527868258,5.267364519234586,0.278094293658828,F
6,250.99105549941171,241.59463054616026,6.718775140832481,0.613392439565778,F
