,A_CH_rim,A_alpha_rim,Vol,E_rim,Action
0,121.94449810436923,11.537450855598763,1.8300765460394064,0.20433643362484527,initial state
1,109.54070381728783,80.09510530371244,2.6667983886951174,0.24257104638963695,F
2,135.67607536515501,75.5990751613922,4.5911018804610055,0.21537834333431077,F
3,167.77006753216003,107.73641985053928,6.07204455497178,0.33004850328112434,F
4,140.3658396876038,62.09716342851834,5.491471192259254,0.23971694707827856,F
5,186.8602061617245,150.42767344681351,5.626215626276542,0.37159543654236027,F
