,A_CH_rim,A_alpha_rim,Vol,E_rim,Action
0,64.5830356444328,13.60954388275104,0.11052264191982498,0.0624104326707522,initial state
1,25.868894044834718,3.2229132011707406,0.5341613337839852,0.055021231394497806,F
2,171.04260445734076,29.102501972602113,4.580769732310135,0.2709545144218407,F
3,163.7378316277709,65.1064650361377,4.815601750637918,0.2355833122498336,F
4,155.18554132853492,54.97203513726845,4.665169043812313,0.1939189165760259,F
5,166.81802574652212,108.20250104899287,4.758451763456094,0.20859217103689423,F
6,179.3926904537102,109.33939079507127,5.040169259345058,0.2662992818389979,F
7,167.2980999646251,92.2448114053509,4.988958845810633,0.23479828351105697,F
8,255.98363617803042,254.64778799829446,5.429426286545745,0.4288344192334946,F
