,A_CH_rim,A_alpha_rim,Vol,E_rim,Action
0,114.54377850242317,11.335886088943425,0.21908983128290707,0.098635665624895,initial state
1,21.71622920741344,21.716229207413562,0.6572539886593656,0.05165574957041434,F
2,92.30580590212823,5.348668877047658,0.8900683680109532,0.1458058782228414,F
3,207.41966155838998,37.805344513799355,1.4265721320853515,0.3122556683395399,F
4,196.18188758471433,54.10027674798812,4.244298033920566,0.26598160703024987,F
5,198.77984746074162,53.62859171640366,4.4008791582746944,0.2670364503260438,F
6,211.17202993963247,65.45113848147821,5.134809921447444,0.3508062329409778,F
7,198.74523446105695,158.48907790115163,4.228235942791076,0.33714415328178315,F
8,354.51608830015897,348.2904585291635,6.500232569844501,0.6114819274290627,F
