,A_CH_rim,A_alpha_rim,Vol,E_rim,Action
0,128.25609010860722,22.822929484789256,0.23213926486764702,0.10347737370326707,initial state
1,315.19508080549485,301.37544765693747,5.548865459606924,0.4020620848826113,F
