,A_CH_rim,A_alpha_rim,Vol,E_rim,Action
0,118.81252889082812,9.232332217266048,0.19123699300731614,0.10368899957500685,initial state
1,19.075115143323934,19.075115143323274,0.7435408080666789,0.045465575399223315,F
2,17.853449645598545,17.85344964559954,0.815455133478165,0.0433987093085348,F
3,18.517076113084627,18.51707611308484,0.761717465426711,0.04359727383941889,F
4,337.96750464062995,327.18061659494424,6.434185780109102,0.49953648708802606,F
