,A_CH_rim,A_alpha_rim,Vol,E_rim,Action
0,122.4543492949702,22.88866628617825,0.2840455704208756,0.10440526806610881,initial state
1,334.1511593842484,327.25458433930044,2.7006645086560863,0.4916294040368704,F
2,331.4334475837197,327.78247013425243,4.57015844589682,0.5559710106294541,F
3,373.1895645697133,368.63162831764384,6.889355270143685,0.6171368663096346,F
