,A_CH_rim,A_alpha_rim,Vol,E_rim,Action
0,90.69700147904281,18.93153374510348,0.1811560744246506,0.07589520453426163,initial state
1,315.72029833796444,311.63589286336446,0.8724103923118894,0.433083124160251,F
2,354.8565190268958,350.9907740624385,0.7224363658119818,0.572030710920201,F
3,360.00938808712186,353.60463734889436,1.0855831295401412,0.5958197565941821,F
4,365.803026921583,360.52868838709173,2.4767281277005613,0.618223459234323,F
5,217.49789119979837,195.09154993755828,5.439836313641176,0.3038767840388068,F
6,242.5424835871582,238.22064032799517,5.655041978731708,0.32878901054235843,F
