,A_CH_rim,A_alpha_rim,Vol,E_rim,Action
0,130.70276054946706,22.053225181082325,0.2756276596007722,0.11849378906875505,initial state
1,349.99433896103966,338.74368666459986,0.8398085471204102,0.5121933975073536,F
2,354.4538684812439,341.54985600764576,1.068427509988392,0.5115159543590893,F
3,370.95990117194253,358.7355637958467,1.089429553462697,0.5492776941253367,F
4,373.0698674007722,364.84652704558584,7.0112903503943595,0.5558473039217718,F
