,A_CH_rim,A_alpha_rim,Vol,E_rim,Action
0,70.95920711208304,14.001002032841825,0.17014279566771653,0.06844337328443764,initial state
1,293.1522159425983,288.9729056971646,5.917044524487899,0.4767310391569338,F
