,A_CH_rim,A_alpha_rim,Vol,E_rim,Action
0,136.33945673632383,13.998745343428709,0.2635217081533643,0.13043727935824062,initial state
1,288.8888711174788,275.1023729101121,0.7983521137306749,0.3972610361827984,F
2,180.2086099598911,63.163627512210496,0.6833425950548079,0.2969169214093781,F
3,365.7079602589872,355.80073621900965,0.8991586172233543,0.5314390062547183,F
4,356.47168284441426,351.54064686850006,0.8756422858574653,0.6810922987989022,F
5,369.80219728462754,367.8967341861039,0.5593681329963359,0.7306837510202332,F
6,380.4650956354294,379.2431991919898,5.798860504750084,0.7679063322832675,F
7,397.0229953924333,394.1001350298734,6.116245500509592,0.8978033918540906,DI
