,A_CH_rim,A_alpha_rim,Vol,E_rim,Action
0,145.99495640396782,32.76817774548135,0.24120954635841388,0.12259266016564549,initial state
1,215.02367200895347,183.38133053873662,1.4123364829095022,0.3122280212084736,F
2,244.70213396796174,142.67291195608323,4.941183809726217,0.31883493154222586,F
3,73.51469078344051,29.89852282354377,3.7350261220531737,0.08736733441927032,F
4,326.64958760733504,310.888245307126,6.244936831468154,0.41849356318802544,F
5,355.11665117894626,337.28312475574285,6.489814185746322,0.5093832049962171,DI
6,351.63345410353423,340.4110050607301,6.7157049546993015,0.6366365128245969,DI
7,369.69270290768526,352.2086521891765,7.105164447976033,0.8319439620201539,DI
