,A_CH_rim,A_alpha_rim,Vol,E_rim,Action
0,115.86575884535974,13.137168999719506,0.21317610225268505,0.10650364899152984,initial state
1,300.38018449886266,295.432388049619,0.6527633672395532,0.387332735582114,F
2,372.82500311874867,369.4611085222732,3.626399079624048,0.5509244949837349,F
3,215.24815880013693,133.55696035034725,4.876989132923273,0.3145105970023829,F
4,194.11250800857223,77.61467374592712,4.987307539378958,0.28995557047426634,F
5,239.51364886499928,223.57281546959484,4.4274243630333405,0.42842766260855364,F
6,290.8531015972928,283.4620553576883,5.662999507813095,0.4875126274250071,F
7,279.69343731456337,58.27965622842157,5.968283866275148,0.49349079823421066,DI
8,282.27804205357666,275.11060571441703,5.689941814970309,0.46253715723257455,DD
