,A_CH_rim,A_alpha_rim,Vol,E_rim,Action
0,103.92495694418396,5.323025586676522,0.1891063809981014,0.12587707280656016,initial state
1,214.52080542360326,176.5349930221305,0.6182917508882718,0.35406098589084284,F
2,225.65639086650452,219.14358462112205,4.3624133643492415,0.3601245502565374,F
3,344.2900580560602,332.59050034814663,5.973000751246658,0.5053394753191345,F
4,353.7392875838912,346.79325367676483,6.346233888351926,0.6075912516040404,DI
5,371.3842912586081,356.5428156912276,6.152355585106767,0.6443139240013649,DI
6,367.2750473640463,351.6103664230741,6.5026456246398165,0.7920203954706853,DI
7,360.0603715420901,345.2386191966639,6.5088153111704,0.8747743399842315,DI
