,A_CH_rim,A_alpha_rim,Vol,E_rim,Action
0,86.82310749378645,7.069289993353323,0.11207199779074517,0.11193394389538168,initial state
1,129.15484608356567,116.71281224010954,3.462814480970378,0.2670773841478565,F
2,171.4988311636032,130.13295275214887,6.004709407704864,0.28739510257238793,F
3,69.86582156884009,30.19110945558623,4.475900859666987,0.14233525752745804,F
