,A_CH_rim,A_alpha_rim,Vol,E_rim,Action
0,91.98467198416418,3.133833525907903,0.15557760313549282,0.16929843604941625,initial state
1,167.57700696018676,84.58479712885492,3.68929144623962,0.31341158034791505,F
2,187.5055648369539,171.7458860792931,5.904785467852797,0.40966393090846764,F
