,A_CH_rim,A_alpha_rim,Vol,E_rim,Action
0,99.39767621773447,9.181204328001513,0.1330489921539037,0.17106658726623064,initial state
1,152.69424286884703,144.28177654139063,1.590449983158471,0.27536996281849413,F
2,74.52961144366574,8.154516261527078,4.18628075693994,0.15308154202276553,F
