,A_CH_rim,A_alpha_rim,Vol,E_rim,Action
0,81.4174448632342,6.075234136915242,0.12553400770950826,0.09716579213393954,initial state
1,285.81954447730635,280.44944322516585,3.7061390563940897,0.46802087047294133,F
2,248.7545004831305,240.7060995025745,6.394698442337544,0.42629721227937784,F
