,A_CH_rim,A_alpha_rim,Vol,E_rim,Action
0,143.501062943301,9.691266727998027,0.22188794189709324,0.21590001381341573,initial state
1,200.28920487959573,82.23298302141302,1.8617336638225894,0.29950253536600335,F
2,184.04358601060292,37.09229048808993,5.446758213709086,0.39226090759924626,F
3,181.6151080689106,133.992569418524,6.1938098408591875,0.2902239182094973,F
