,A_CH_rim,A_alpha_rim,Vol,E_rim,Action
0,105.40512713589621,10.589697858449654,0.1736830723513091,0.13675783211815723,initial state
1,183.88166631069643,172.3438209361916,4.509912198961453,0.3351948275621462,F
