,A_CH_rim,A_alpha_rim,Vol,E_rim,Action
0,92.60038814545683,18.19881050408867,0.129494201305716,0.10483627424861448,initial state
1,188.42653383103413,130.8637134440005,3.4639520432531583,0.3044671297480292,F
2,160.9642169248095,43.15360780537958,5.762991135361227,0.28031642770637716,F
3,129.77835820265634,28.88302324237202,4.427726290612442,0.20637388260296968,F
4,190.54757576128623,143.8099273508442,6.315754403043332,0.32264563159437765,F
