,A_CH_rim,A_alpha_rim,Vol,E_rim,Action
0,84.70903863525355,2.534513785121817,0.10664168595199273,0.1288864813693147,initial state
1,123.76532595226243,27.546841268417666,1.1835463429348683,0.18388260837294573,F
2,187.12598832394173,88.9993129860045,5.556786680987451,0.3661811406631517,F
3,186.34046377940157,115.98870129404304,5.393146755578688,0.323036783538404,F
4,176.62748746602134,94.25231911052379,5.643146654689924,0.31139657011053506,F
5,197.54432802130952,127.33524155663645,5.406525958514951,0.36267979349297086,F
6,213.90565149914636,207.01882248346237,5.970958805345403,0.3876854476885658,F
