,A_CH_rim,A_alpha_rim,Vol,E_rim,Action
0,55.837496268793466,1.8603431431074569,0.04198379497356538,0.10726871335907984,initial state
1,229.11428863494663,219.16596727493243,1.7849049808953164,0.3866471029678054,F
2,43.52880371300229,4.2473116369023955,4.2710682211215865,0.12013450331505304,F
